{"cameraMode":{"drawMode":0,"name":"Shaded","section":"Shading Mode"},"sceneLighting":true,"audioPlay":false,"sceneViewState":{"showFog":true,"showMaterialUpdate":false,"showSkybox":true,"showFlares":true,"showImageEffects":true,"showParticleSystems":true},"in2DMode":false,"pivot":{"x":-4.422896862030029,"y":-2.8576340675354006,"z":5.823398113250732},"rotation":{"x":-0.2270662933588028,"y":0.26845982670783999,"z":-0.06527575105428696,"w":-0.9339057207107544},"size":9.090667724609375,"orthographic":false}